Bath Robe,600,1
Bed Cover,650,1
Bedsheet White with Pillow Cover,350,1
Black Leather Shoes Oxford Pattern,1150,1
Black Socks Cotton,50,1
Blanket with Woolen Cover,1950,1
Blazer Navy Blue,1900,1
Cap Barret Steel Grey,100,1
Class Collar Badge,40,1
House Collar Badge,40,1
Handkerchief,20,1
Jersey Navy Blue Full Sleeve with Logo,480,1
Jersey Og Full,500,1
Khaki Woolen Shirt Full,700,1
Lanyard Red Color,25,1
Leather Belt with Buckle with Logo,320,1
Leather Mufti Belt with Logo,300,1
Matress 6Ft X 3Ft X 4 Inches,2500,1
Mosquito Net,220,1
Name Tab,35,1
Night Suit,760,1
Pillow White,200,1
Raincoat with Cap,570,1
Rucksack,1900,1
School Bag with Logo,600,1
School Cap with Logo,180,1
School Tie with School Logo,140,1
Shirt Full White,530,1
Shorts Navy Blue,310,1
Shoulder Flash,25,1
Society Formation Sign,49,1
Sport Shoes White,1249,1
T Shirt House Color,390,1
TC Khaki Half Shirt,525,1
TC Khaki Shorts,420,1
TC Khaki Trouser,600,1
TC Steel Grey Trouser,600,1
Title Shoulder,25,1
Towel Turkish,180,1
Track Suit with Logo,1550,1
Trunk Iron 32(In.)L X 24(In.)W X 10(In.)H,2350,1
Underwear,80,1
Vest Cotton,80,1
White Half Pant,420,1
White Socks Cotton,50,1
White T Shirt with Logo,330,1
Winter Cap Woolen,96,1
Badge Cap Berret,25,2
Bata Shoes,399,2
Bath Robe,690,2
Bed Sheet Green with Pillow Cover,395,2
Bed Sheet White with Pillow Cover,395,2
Black Lower,650,2
Black Shorts,215,2
Black Socks,55,2
Blanket,1700,2
Brush ,25,2
Bucket,150,2
Cap Berret,125,2
Colgate,10,2
Dms Boots,810,2
Handkerchief (White),20,2
Hanger,24,2
House Colour T-Shirts,360,2
House Colour Vest,195,2
Lanyard,25,2
Leather Belt with Buckle,320,2
Mattress,2875,2
Mosquito Net,245,2
Mug,35,2
Name Tab,45,2
Night Suit,790,2
Nylon Belt,180,2
Pillow,230,2
School Cap,240,2
School T-Shirt,450,2
School Tie with Logo,120,2
Shirt Full White,600,2
Shirt Half White,580,2
Shoes Black Leather (Oxford Pattern),1150,2
Society Formation Sign,50,2
Sports Shoes,1100,2
Stocking Black (Class VI To Class IX),210,2
TC Khakhi Full Shirt,610,2
TC Khakhi Half Pant (Class VI To Class IX),495,2
TC Khakhi Half Shirt,595,2
TC Khakhi Skirt,600,2
TC Khakhi Trouser,600,2
TC Steel Gray Skirt,580,2
TC Steel Gray Trouser,580,2
Tie Pin,100,2
Title Shoulder,25,2
Tounge Cleaner,5,2
Towel,175,2
Track Suit Full Summer,1280,2
Trunk  26(in.)L×16(In.)W×12(In.)H,2300,2
Underwear,80,2
Vest (White),80,2
White Lower,650,2
White Shorts,215,2
White Socks,55,2
White T-Shirt with Logo,295,2
